Cluster,Population,Number of Companies,Number of States
0,2199373.630252101,2573.676470588235,17
1,1516134.4285714286,619.25,2
2,1324515.6517857143,792.9375,8
